{
  "project_info": {
    "project_number": "872468978937",
    "project_id": "sumativa-s6-65f98",
    "storage_bucket": "sumativa-s6-65f98.appspot.com"
  },
  "client": [
    {
      "client_info": {
        "mobilesdk_app_id": "1:872468978937:android:43c43e57232cb2dc84d628",
        "android_client_info": {
          "package_name": "com.aiep.gps2"
        }
      },
      "oauth_client": [
        {
          "client_id": "872468978937-ag3800g0f3ktm3j7nvv3d162l5t53jsc.apps.googleusercontent.com",
          "client_type": 1,
          "android_info": {
            "package_name": "com.aiep.gps2",
            "certificate_hash": "aed4c96a0551a087223b0f6cc75d8335b49cdead"
          }
        },
        {
          "client_id": "872468978937-efpfqhs5983eodb37bnr3d3umm4ttkgh.apps.googleusercontent.com",
          "client_type": 3
        }
      ],
      "api_key": [
        {
          "current_key": "AIzaSyD9Co9B-pWJH_LM0bvcgJ55HXbwdoIY6Tc"
        }
      ],
      "services": {
        "appinvite_service": {
          "other_platform_oauth_client": [
            {
              "client_id": "872468978937-efpfqhs5983eodb37bnr3d3umm4ttkgh.apps.googleusercontent.com",
              "client_type": 3
            }
          ]
        }
      }
    },
    {
      "client_info": {
        "mobilesdk_app_id": "1:872468978937:android:86e2f0840d0177c684d628",
        "android_client_info": {
          "package_name": "com.example.mapsaiep"
        }
      },
      "oauth_client": [
        {
          "client_id": "872468978937-efpfqhs5983eodb37bnr3d3umm4ttkgh.apps.googleusercontent.com",
          "client_type": 3
        }
      ],
      "api_key": [
        {
          "current_key": "AIzaSyD9Co9B-pWJH_LM0bvcgJ55HXbwdoIY6Tc"
        }
      ],
      "services": {
        "appinvite_service": {
          "other_platform_oauth_client": [
            {
              "client_id": "872468978937-efpfqhs5983eodb37bnr3d3umm4ttkgh.apps.googleusercontent.com",
              "client_type": 3
            }
          ]
        }
      }
    },
    {
      "client_info": {
        "mobilesdk_app_id": "1:872468978937:android:98ced780f130aa6784d628",
        "android_client_info": {
          "package_name": "com.jojo.gps2"
        }
      },
      "oauth_client": [
        {
          "client_id": "872468978937-a5b1dlnq2fec63ckrqvqq54g7b4tmu87.apps.googleusercontent.com",
          "client_type": 1,
          "android_info": {
            "package_name": "com.jojo.gps2",
            "certificate_hash": "aed4c96a0551a087223b0f6cc75d8335b49cdead"
          }
        },
        {
          "client_id": "872468978937-efpfqhs5983eodb37bnr3d3umm4ttkgh.apps.googleusercontent.com",
          "client_type": 3
        }
      ],
      "api_key": [
        {
          "current_key": "AIzaSyD9Co9B-pWJH_LM0bvcgJ55HXbwdoIY6Tc"
        }
      ],
      "services": {
        "appinvite_service": {
          "other_platform_oauth_client": [
            {
              "client_id": "872468978937-efpfqhs5983eodb37bnr3d3umm4ttkgh.apps.googleusercontent.com",
              "client_type": 3
            }
          ]
        }
      }
    },
    {
      "client_info": {
        "mobilesdk_app_id": "1:872468978937:android:afe49c2779f81bc584d628",
        "android_client_info": {
          "package_name": "com.jojo.simplegps"
        }
      },
      "oauth_client": [
        {
          "client_id": "872468978937-jvtv6gotk5ep82k3n3l7o3ldl10esph2.apps.googleusercontent.com",
          "client_type": 1,
          "android_info": {
            "package_name": "com.jojo.simplegps",
            "certificate_hash": "aed4c96a0551a087223b0f6cc75d8335b49cdead"
          }
        },
        {
          "client_id": "872468978937-efpfqhs5983eodb37bnr3d3umm4ttkgh.apps.googleusercontent.com",
          "client_type": 3
        }
      ],
      "api_key": [
        {
          "current_key": "AIzaSyD9Co9B-pWJH_LM0bvcgJ55HXbwdoIY6Tc"
        }
      ],
      "services": {
        "appinvite_service": {
          "other_platform_oauth_client": [
            {
              "client_id": "872468978937-efpfqhs5983eodb37bnr3d3umm4ttkgh.apps.googleusercontent.com",
              "client_type": 3
            }
          ]
        }
      }
    }
  ],
  "configuration_version": "1"
}